{
    "latitude": 46.06,
    "longitude": 14.5,
    "generationtime_ms": 0.3069639205932617,
    "utc_offset_seconds": 7200,
    "timezone": "Europe/Ljubljana",
    "timezone_abbreviation": "CEST",
    "elevation": 299.0,
    "hourly_units": {
        "time": "iso8601",
        "temperature_2m": "\u00b0C",
        "precipitation_probability": "%"
    },
    "hourly": {
        "time": [
            "2023-05-18T00:00",
            "2023-05-18T01:00",
            "2023-05-18T02:00",
            "2023-05-18T03:00",
            "2023-05-18T04:00",
            "2023-05-18T05:00",
            "2023-05-18T06:00",
            "2023-05-18T07:00",
            "2023-05-18T08:00",
            "2023-05-18T09:00",
            "2023-05-18T10:00",
            "2023-05-18T11:00",
            "2023-05-18T12:00",
            "2023-05-18T13:00",
            "2023-05-18T14:00",
            "2023-05-18T15:00",
            "2023-05-18T16:00",
            "2023-05-18T17:00",
            "2023-05-18T18:00",
            "2023-05-18T19:00",
            "2023-05-18T20:00",
            "2023-05-18T21:00",
            "2023-05-18T22:00",
            "2023-05-18T23:00"
        ],
        "temperature_2m": [
            10.9,
            10.6,
            9.8,
            9.8,
            9.6,
            9.4,
            9.4,
            9.6,
            10.1,
            10.7,
            11.8,
            12.8,
            13.4,
            14.5,
            15.5,
            15.4,
            15.2,
            15.2,
            14.9,
            14.1,
            13.0,
            12.3,
            11.7,
            11.3
        ],
        "precipitation_probability": [
            0,
            0,
            0,
            2,
            4,
            6,
            4,
            2,
            0,
            1,
            2,
            3,
            2,
            1,
            0,
            3,
            7,
            10,
            7,
            3,
            0,
            0,
            0,
            0
        ]
    }
}